"ID";"位号";"包";"数量";"名称";"供应商和位号";
1;"REF**,REF**,REF**,REF**,REF**,REF**,REF**,REF**,REF**,REF**,REF**,REF**,REF**,REF**,REF**,REF**,REF**,REF**,REF**,REF**,REF**,REF**";"TestPoint_Pad_D1.5mm";22;"TestPoint_Pad_D1.5mm";;;
2;"J1,J1";"PinHeader_1x01_P2.54mm_Vertical";2;"5V";;;
3;"J2,J2";"PinHeader_1x01_P2.54mm_Vertical";2;"-5V";;;
4;"REF**,REF**,REF**,REF**,REF**,REF**,REF**,REF**,REF**,REF**,REF**,REF**,REF**,REF**,REF**,REF**,REF**,REF**,REF**";"Pin_D0.7mm_L6.5mm_W1.8mm_FlatFork";19;"Pin_D0.7mm_L6.5mm_W1.8mm_FlatFork";;;
5;"D1,D4,D3,D2";"D_SMA";4;"1N4148";;;
6;"REF**,REF**";"TestPoint_Pad_2.0x2.0mm";2;"TestPoint_Pad_2.0x2.0mm";;;
7;"J7,J7";"PinHeader_1x01_P2.54mm_Vertical";2;"sin";;;
8;"REF**";"PinHeader_1x04_P2.54mm_Vertical";1;"PinHeader_1x04_P2.54mm_Vertical";;;
9;"J4";"PinHeader_1x03_P2.54mm_Vertical";1;"SWD";;;
10;"REF**,REF**,REF**,REF**,REF**,REF**,REF**,REF**,REF**,REF**,REF**,REF**,REF**,REF**,REF**,REF**,REF**,REF**,REF**,REF**,REF**,REF**,REF**,REF**,REF**,REF**,REF**,REF**,REF**,REF**,REF**,REF**";"2.25";32;"2.25";;;
11;"D14,D13,D12,D11,D10,D9,D8,D7,D5";"D_DO-41_SOD81_P2.54mm_Vertical_AnodeUp";9;"1N4007";;;
12;"DS1";"PinHeader_1x16_P2.54mm_Vertical";1;"WC1602A";;;
13;"REF**,REF**,REF**,REF**,REF**,REF**,REF**,REF**,REF**,REF**,REF**,REF**,REF**,REF**,REF**,REF**,REF**,REF**,REF**,REF**,REF**,REF**,REF**,REF**,REF**,REF**,REF**,REF**";"PinHeader_1x01_P2.54mm_Vertical";28;"PinHeader_1x01_P2.54mm_Vertical";;;
14;"REF**,REF**,REF**,REF**";"Pin_D0.9mm_L10.0mm_W2.4mm_FlatFork";4;"Pin_D0.9mm_L10.0mm_W2.4mm_FlatFork";;;
15;"Y1";"Crystal_HC49-4H_Vertical";1;"8M";;;
16;"U13";"TO-263-2";1;"L7809";;;
17;"U12";"TSSOP-20_4.4x6.5mm_P0.65mm";1;"STM32F030F4P6";;;
18;"U11";"TSSOP-16_4.4x5mm_P0.65mm";1;"74HC595";;;
19;"U10,U7,U4,U1";"SOP-8_3.9x4.9mm_P1.27mm";4;"MC4580G-S08-R";;;
20;"U9,U2";"TSSOP-16_4.4x5mm_P0.65mm";2;"74HC4053PW,112";;;
21;"U8";"SOT-223-3_TabPin2";1;"LM1117-3.3";;;
22;"U6";"TO-263-2";1;"LM7805_TO220";;;
23;"U5";"TO-263-5_TabPin3";1;"LM2596S-5";;;
24;"U3";"TSSOP-16_4.4x5mm_P0.65mm";1;"74HC4052PW,118";;;
25;"SW3";"PinHeader_1x02_P2.54mm_Vertical";1;"SW_DIP_x01";;;
26;"SW2";"SW_Tactile_SPST_Angled_PTS645Vx58-2LFS";1;"2";;;
27;"SW1";"SW_Tactile_SPST_Angled_PTS645Vx58-2LFS";1;"1";;;
28;"R57,R56,R42,R40,R39,R35,R33,R30,R11,R2,R1";"R_0805_2012Metric_Pad1.20x1.40mm_HandSolder";11;"100";;;
29;"R55,R53,R48,R47,R46,R45,R21,R18,R17,R8";"R_0805_2012Metric_Pad1.20x1.40mm_HandSolder";10;"10K";;;
30;"R54,R31,R29,R28,R6,R5";"R_0805_2012Metric_Pad1.20x1.40mm_HandSolder";6;"20K";;;
31;"R52,R50,R49,R44,R43,R36,R34,R27,R26,R25,R24,R23,R22,R20,R19,R15,R14,R10,R7,R4,R3";"R_0805_2012Metric_Pad1.20x1.40mm_HandSolder";21;"1K";;;
32;"R51";"R_0805_2012Metric_Pad1.20x1.40mm_HandSolder";1;"1.5K";;;
33;"R41,R37";"R_0805_2012Metric_Pad1.20x1.40mm_HandSolder";2;"500";;;
34;"R38,R32";"R_0805_2012Metric_Pad1.20x1.40mm_HandSolder";2;"900";;;
35;"R16,R13,R9";"R_0805_2012Metric_Pad1.20x1.40mm_HandSolder";3;"100K";;;
36;"R12";"R_0805_2012Metric_Pad1.20x1.40mm_HandSolder";1;"200";;;
37;"Q3,Q2,Q1";"TO-92_Inline";3;"BC547";;;
38;"L1";"L_Radial_D6.0mm_P4.00mm";1;"47uH";;;
39;"J3";"PinHeader_1x01_P2.54mm_Vertical";1;"Conn_01x01_Male";;;
40;"D6";"D_SMA";1;"1N5819";;;
41;"C48,C46,C45,C39,C35,C31,C27,C22,C21,C20,C15,C14,C3";"C_0805_2012Metric_Pad1.18x1.45mm_HandSolder";13;"106";;;
42;"C47";"C_0805_2012Metric_Pad1.18x1.45mm_HandSolder";1;"15";;;
43;"C44,C43,C38,C37,C36,C34,C33,C32,C30,C29,C26,C25,C24,C19,C18,C17,C11,C9,C8,C7,C6,C4,C1";"C_0805_2012Metric_Pad1.18x1.45mm_HandSolder";23;"104";;;
44;"C42,C41";"C_0805_2012Metric_Pad1.18x1.45mm_HandSolder";2;"22";;;
45;"C40";"C_0805_2012Metric_Pad1.18x1.45mm_HandSolder";1;"103";;;
46;"C16,C12,C5";"C_0805_2012Metric_Pad1.18x1.45mm_HandSolder";3;"102";;;
47;"C13,C10";"C_0805_2012Metric_Pad1.18x1.45mm_HandSolder";2;"2uF";;;
48;"C2";"C_0805_2012Metric_Pad1.18x1.45mm_HandSolder";1;"204";;;
49;"BT1";"PinHeader_1x02_P2.54mm_Vertical";1;"7.2V";;;
